Feature_1,Feature_2,Label
0.4525923854718178,0.1684333078767165,1
-0.43802651686251187,0.11990049006250848,1
-0.5322243047798005,0.18435902070227286,1
-0.301401805199631,0.40078207278129496,1
0.4456022308704517,-0.8949355556090883,0
-0.2845276025762298,0.47215092082206955,1
-0.01227556590995627,0.5056469951125572,1
0.4636171694677216,0.11073500852047392,1
-0.11577891578972055,-0.5058803772454407,1
-0.1106161330364492,1.042207472050681,0
-0.47055984002764734,-0.3287877316727311,1
0.5640625374883906,0.8637200976002545,0
-0.08140127539604461,0.5602833345064405,1
0.43767461692223036,-0.27792626764278755,1
0.4083474906382261,-0.39350223301169807,1
0.06950819395134099,-0.47662960144112504,1
-0.9417354191897598,-0.3269693038974276,0
0.09480139841636791,-0.49269448619618045,1
-0.5394715099442248,-0.05454808228110422,1
-0.6387962425634154,-0.733995677287966,0
0.36442928967135696,0.2687677080527561,1
-0.5521037976054624,0.8787056034787701,0
-0.00194821778178976,-0.9946342130483777,0
0.4471255167503749,0.18660080019545863,1
-0.9308762019085371,0.44090360213867047,0
-0.9067986851057075,0.20748303858807068,0
0.2796652448883872,0.9963214789759065,0
0.5566309154570824,-0.10974340739992003,1
0.1450393751390196,-0.49912755661378255,1
0.4413367320040777,-0.2602519341691608,1
-0.28711671264869554,-0.8838987949641702,0
-0.25663396294670215,0.9986125505751154,0
-0.027797111052467807,0.473722759554438,1
1.0084507543828596,0.029212230034143128,0
-0.10733268665186707,-1.1142627115008916,0
-0.784963856557564,0.7401088768645327,0
-0.36146729588293214,0.35811361035215566,1
0.33547185170094973,0.4646056082878522,1
0.17131485675275165,-0.4514433192316985,1
0.7500253139868565,0.6183450867131892,0
-0.6239478743781727,-0.7362544935896009,0
0.3656060463085086,0.9393337145855969,0
-0.7160470604120958,-0.6635963064180268,0
0.6004837075842466,-0.1342741715482148,1
-0.8457435920329116,-0.5842427463168448,0
-0.8894407125326018,-0.36195957459363665,0
0.331398676162647,-0.5242064940574986,1
0.1370268122161981,0.508839273047355,1
0.7838153022166929,-0.7345770166649243,0
-0.304928181192274,-0.4571049826513632,1
0.26244104448700045,0.3778047880514182,1
0.024789486358323034,-0.5653257305631061,1
-0.9502394701911078,-0.1456509853528608,0
0.3324608016943615,0.3230526875831017,1
0.9076621804901065,0.31085272790238233,0
0.889820957346988,0.35989776978219323,0
0.050215813303466195,0.5053883075383184,1
0.9582363906777923,0.13279756173792814,0
-0.973456127718336,0.39012590215058957,0
-0.32445419584849594,-0.3775047902081188,1
-0.709031698057625,-0.6017495694642699,0
0.847891415019038,0.4947237934382318,0
0.3280428758504705,0.18977959693350185,1
-0.9290601729332724,0.502912431455234,0
0.14491286635337192,0.4699497559980188,1
-0.3804644710502142,0.35939417176370886,1
-0.18253041416397897,0.38059376127014394,1
-0.07452274099839115,-0.5002851464056546,1
0.6616897895767124,0.7318798856621158,0
0.42430226931714254,0.2587189486171111,1
0.1890472557764047,0.9381111152891829,0
1.0010708980250391,-0.09436845385010369,0
0.23791352175356795,0.3997505902007599,1
-0.5143397316539435,0.044967389859061124,1
-0.8232302217866552,-0.5506438903641558,0
-0.8705586261771988,-0.45806615678843826,0
-0.08408991012749475,0.4211407997311192,1
0.8494295605290784,0.42383614805416653,0
0.13506892472204637,0.5379369724963214,1
-0.81632644228356,-0.6974010262056988,0
-0.24805735523124212,0.301575798436601,1
0.7131503865853935,0.6668619000910851,0
-0.8887217794686744,-0.4175108787269903,0
0.5783383966217185,0.7186950336762368,0
-0.6079946212443197,-0.7557992932679326,0
0.39498054516988523,0.35093668493661406,1
0.6076040715633038,0.021047816499020086,1
-0.48084535093824965,0.19765073162500282,1
-0.564067105308161,-0.013804220222264758,1
-0.6487485984255728,-0.7959394148629525,0
0.18812989883274053,-0.9602540301535198,0
0.7928818647074372,-0.5512258327906782,0
0.5620405080513369,0.21500069952171957,1
-0.9704197419440388,0.41688848631631853,0
-0.4548257865791417,-0.1838619456493319,1
0.7128340035036436,-0.8387950953621293,0
-0.5096828215794447,-0.07758361134282346,1
0.37666496773208996,0.922892524644563,0
0.6264492077124978,0.6716137248384327,0
-0.2217207557261271,-0.45235851480180544,1
-0.4263546373824141,0.11950910460120757,1
-0.19297584873877793,-0.9700922266710059,0
0.3515926932537885,-0.35120267261650523,1
-0.9667805570440459,-0.15128580467724165,0
-0.06293344032398535,0.463118909368171,1
-0.20272735981577583,0.5351719764637726,1
0.3716225016035323,0.3259717019259762,1
0.4440841482711657,-0.2631062843929515,1
-0.41568816609996734,0.8551634235622018,0
0.1739139849340469,-0.4519807766055836,1
0.4943538098325425,0.1989512170557861,1
-0.35835419561039056,-0.3505210739566794,1
0.40300027892079227,-0.036483897162041444,1
-0.4036337985173824,-0.3800688196295209,1
0.5239323660666675,0.8882715098793066,0
0.6974206816386352,-0.723318282750607,0
-0.6110193774507943,0.7906236099038596,0
0.4583266203662209,-0.10482888606898932,1
0.37872539225761037,0.20429254512975284,1
-0.8100702450627648,-0.5184822472489957,0
0.12833554153688154,-0.4992976805823864,1
0.6442387241692299,-0.8130377830603973,0
-0.4701932211958345,0.26851747867346887,1
-1.0623726974327006,-0.10028156638843706,0
-1.0388101879192249,0.2265335066567916,0
0.35570519601674727,0.34441564010149667,1
0.2724401206500866,0.33547747878070977,1
0.7379840006979466,-0.5852466942843618,0
-0.006792606217063096,-0.48332389822088917,1
-0.47198167575874983,-0.26461745310330764,1
0.19614178441387703,0.47590001315355945,1
-0.09931325737403202,-0.5077207420038783,1
-1.0077801296036875,-0.3116118935400155,0
0.545004739721519,-0.01570216159114992,1
0.3830734549716446,0.090275989356918,1
0.7268817114072388,0.6771068868477075,0
0.04777249512488186,0.9577873825952554,0
-0.9551328471201943,0.37323369367366316,0
0.8543726012397757,0.24864720279262872,0
0.564330709106476,0.8204195939594764,0
0.842708329137361,0.4838953878104226,0
-0.8838033348702801,0.004495336992601254,0
-0.4088093255091242,0.2592613672460112,1
-1.003575223717325,-0.3760809473181228,0
0.08625869792927937,-0.5172096562212554,1
0.2631208069230119,-0.47228913803864064,1
-0.3892827660270294,-0.350679297745609,1
-1.0158288636794424,0.016648295177326335,0
-0.26913448130279327,-0.3407176691429296,1
-0.6105104318139394,-0.7972899341181371,0
-0.1473959172911797,0.4520824332469663,1
-0.2850376174620274,0.9621330876992497,0
0.4372553905795211,-0.13427473986313104,1
0.6095646100357325,-0.7492722827592088,0
0.395931513818554,-0.2834859213652388,1
0.8456086258804347,-0.45434309568958114,0
-0.8249404666060504,-0.7381998231424666,0
-0.34893917424035054,0.26139561697490077,1
0.6869231875190189,0.6841332022011862,0
0.09116624397906778,-0.549846995051709,1
0.010021834904334753,0.42137708083695014,1
-0.42835265788645494,-0.08884680241018361,1
-0.08232705059915685,0.42084146526668675,1
-0.23647831057067664,0.49865568577995384,1
-0.05066547989789955,-0.480779634638376,1
-0.2105699347582248,0.4498475742924391,1
-0.8032517179714085,-0.5315185984366995,0
-0.3350336808346021,0.38969894949227274,1
-0.6432272645738759,-0.6437245848258611,0
-0.7614281936665956,-0.6605190005581514,0
-0.19353922740514082,-1.0262422838931688,0
0.9309046227792558,-0.2360937304118205,0
0.20829394232502454,1.0023078521906106,0
0.48394503046985893,-0.06872440778339833,1
1.025451969323008,-0.24949271195774136,0
-0.14899348419932754,-0.9841539373315744,0
-0.9610717431521352,-0.11775673877691067,0
-0.9188546232441376,-0.10217486365205614,0
-0.38366617198917086,-0.324034136713914,1
-0.2770640311074605,0.39939290183807297,1
1.0576079974659371,-0.1474015179311135,0
-0.2591361059949728,0.442589580169879,1
0.015811475725182923,-1.0199174804486524,0
0.45540128854893674,0.16920376837199616,1
-0.2745602213913742,-0.41663749489096424,1
-0.17423218250554973,0.9950418796062531,0
-0.2303347738254511,-0.9948734304942791,0
-0.13188515391425354,-1.093876713345753,0
0.40957675307874464,-0.27900248370101766,1
-0.5850101996988458,-0.0140416238931369,1
0.33550173041187714,-0.3128521649216728,1
-0.24076535663108634,-0.3693985750582397,1
-0.13379688828955819,0.5280657946518397,1
-0.812687623793655,0.5405570516208467,0
-0.8995709391666621,0.4800465912052111,0
0.3415434466676196,-0.8322343249485055,0
-0.46954510684348955,-0.8678550146152184,0
-0.8994670137133973,0.4701671475801288,0
0.0788231052503863,0.4828557422324394,1
0.6044007542523192,0.8134471077806813,0
0.9596040329871866,0.35496563450450724,0
0.4658969941028632,0.20138682400271718,1
-0.3498708443254137,0.35483899888884857,1
0.40012214165915916,0.3586685942339534,1
-0.28257040495981883,-0.42498332507202763,1
0.24066602773100204,0.4917346995792809,1
-0.5332895492417915,0.8738183545614092,0
0.2759686638077386,-0.4666333039417416,1
0.930113168592104,-0.07859541295113961,0
-0.3359941119271446,-0.4014979440049367,1
0.6049768735538743,0.7572036805482194,0
-0.23144023227907498,1.0296426642183147,0
0.2800476841564175,-0.4057779495066982,1
-0.2922862184982241,-0.4461742833192274,1
-0.06044830322870601,0.4400949340437615,1
-0.47399855383801226,-0.9056759290978618,0
-0.21674539652800826,0.4650892214140684,1
-1.0011298930587227,-0.01598419609862627,0
0.1825207382879033,-0.48028039878159107,1
-0.3118603945046448,0.2506814463456395,1
-0.7442688038425919,-0.5483427352274213,0
-0.5337434595908326,0.10173800191560042,1
0.4620689515635073,-0.15881541946164204,1
0.8073886523613097,0.5409788491407567,0
0.14019126739478027,-0.535822458287442,1
1.0491283261487512,0.05629558577606767,0
0.40082410007914515,0.24033814891195482,1
-0.29524146625753495,-0.9909837820754627,0
0.2688049455633691,-0.44926818479371755,1
0.4693657833523693,0.25263013734333073,1
-0.40875225922530456,-0.8706267077452192,0
0.5043061184410801,0.009843870785975234,1
0.9617340765862576,-0.17063508568716507,0
0.313959807497476,0.5136338483963281,1
0.8967650917798059,0.41313390551819995,0
0.87349839449095,0.3533141836444902,0
-0.9406974055222788,0.29296521890069965,0
0.595171229661668,-0.229023053376177,1
-0.792601815806462,0.7036781554531137,0
-0.5600145626608263,-0.8357095477914982,0
0.9741766868308832,0.0482699311889542,0
-0.7829757349339083,0.5408576752802343,0
0.5389261214810338,0.1311694569185955,1
-0.5013862017740467,-0.33386638901291243,1
-0.8405328540812216,-0.5469691064429376,0
0.1944403842425407,1.0688965130325792,0
0.5557763757215907,-0.7991516640032155,0
0.607293861215055,0.8324963278497618,0
0.5193703361889644,0.8074933429798627,0
-0.8305650769224244,-0.3982649618630686,0
0.5345208090560801,0.8232461421395618,0
0.5129956616403014,-0.07100269138641507,1
-0.5236701737193646,-0.23787310866874067,1
0.1104129786007361,-0.432695790963581,1
0.17329794035426654,-0.9467617975746407,0
-0.6657087000998908,-0.7780292315380585,0
0.5045298692362024,0.11390725965535278,1
0.28672832701469986,-0.4973801802897478,1
0.3338238307581791,-0.4507018929076133,1
0.9202317959037768,0.049170721004322925,0
-0.5905737425913363,0.13095819312417242,1
0.8918645303370083,-0.3640949454962704,0
0.3770891336998668,0.8691340407944737,0
-1.0217744269401412,-0.17367675948769684,0
-0.1819168104501298,-0.913401827042233,0
0.0167998659898958,-0.5025429350839815,1
-0.3936335177016553,-0.21869754936618843,1
0.0476250964325163,-0.9790404190812655,0
-0.05400744174794901,0.47103204440703556,1
0.07774606144222335,-1.0315360728275933,0
0.9855689026759902,-0.17708097679091042,0
0.07835147719162411,1.0185531238239656,0
0.12507032037713384,-0.47506367052103127,1
-0.9930328703189368,0.02262674459106686,0
0.47258190244342724,0.19680294832837839,1
0.8885653674474123,0.25974402723187034,0
-0.8220189897688993,0.6478608624584044,0
0.08955257224837018,0.5132272437685081,1
0.5390030875910421,0.8184588049274374,0
-0.403966219039943,-0.20965126183692753,1
0.25715072721359405,0.39821023414697043,1
-0.41684233137648535,-0.17826744488498875,1
-0.9423131492409446,0.15317132845719061,0
-0.8987527214243533,-0.4783787473079649,0
-0.8724129269263342,0.4931653539113196,0
-0.511453611719342,0.23487361590394962,1
-0.2541896354291398,-0.8982987597701534,0
0.7629855687500331,-0.5830735670737096,0
-0.9082646603534752,0.27240026029675357,0
0.4215384981424666,-0.22213354868673402,1
0.41745130017817517,-0.2960681491616325,1
-0.503003289762094,-0.3198832860041456,1
0.5523065284844088,0.034780535208745425,1
0.9354785652556248,-0.4053459200401877,0
-0.09814933877611472,-0.9997559404556242,0
0.9262568453053353,-0.44280738349365667,0
0.27837242379252547,-0.4466713494901087,1
0.5736014381403419,-0.7086603413621368,0
0.9184972557523705,0.07267439727188328,0
-0.4327818188669859,0.8997277877380834,0
0.44357656695236375,0.21135787711389534,1
0.783451870672235,-0.60784819988621,0
0.8620720863837804,-0.25842037746693686,0
0.5598327226018093,-0.7742900478950434,0
-0.4920791425846001,-0.17331823134954916,1
0.34294628118284104,-0.37559228414187645,1
-0.42045810706914494,-0.9613872483641723,0
0.4052173021322121,0.4444271953276791,1
0.3716650578363499,-0.33998312530436553,1
0.3203716493170776,0.39257479919713456,1
0.1804447133716768,0.49019226723925297,1
0.4632039165986898,0.13654486718725228,1
0.21905868416756005,0.3762836221327207,1
-0.38021829150011066,0.22634743626779819,1
0.6983852405935926,-0.5880883644021647,0
0.9063217773252917,-0.5182214570293115,0
-0.9921938498471717,0.1936113497375706,0
-0.29173266763785166,-0.9664829829222116,0
-0.5294738163087314,0.1640278328707894,1
-0.7958051237720207,0.4706939964944022,0
0.5544181570842113,0.7906666376004506,0
-0.2151485273169575,0.9547645806768752,0
-0.822938561407544,-0.6047458780120246,0
0.004752975327363164,0.5066055067525399,1
-0.4111875981629027,-0.14721119463415028,1
0.48438235958618014,0.05772301358031086,1
-0.37792458065736495,-0.9800599685841094,0
1.0397582371418743,-0.20242651555379268,0
-0.45491177439274816,0.2729207654364635,1
-0.06300345363823595,0.9599094330379958,0
-0.3751528686906221,0.25041540066961765,1
-0.6293303725529742,-0.7350630048760932,0
-0.4573930557416422,0.13322057974187815,1
0.08601262236686891,0.437477431098653,1
1.0262181373626456,-0.03674552072388997,0
-0.6930381901934236,-0.7148362256709153,0
-0.36426801901603884,0.3437571430956,1
0.3384505515965903,0.2918253694623171,1
0.054129588834209,-0.5839102832583917,1
0.47583509838567745,0.19558264354759203,1
0.9792488797363654,-0.32363446373629995,0
0.28463093730257893,-1.0299842637155632,0
-0.5080564188150828,0.8857983560199804,0
0.015134267449799356,0.9732925825155951,0
0.1553467023504375,-0.9434644597894228,0
0.4807878308371624,-0.8798928567400418,0
0.3676669953457818,0.29408838756245426,1
0.1343694392268262,-0.4676939902773219,1
0.3946883765397531,0.9398957057079806,0
0.41170765814335625,-0.34139951910498045,1
-0.6239246448003892,0.8683353084927424,0
-1.0134947075897087,-0.3587149866410404,0
0.15909483862127125,-0.38696443868857733,1
0.6340310334725082,0.848784203122386,0
-0.865362068729851,-0.5267717056502458,0
-0.12486142495981803,1.0286295795049532,0
-0.8547649477640822,-0.5837214101541218,0
0.6567459546914719,-0.8316782703607527,0
-0.5118722296900726,-0.8770664252035044,0
-0.26319445208956466,0.9012745316039282,0
0.5709187869254246,-0.7845286886425981,0
0.2716727518698076,0.4835164657495151,1
-0.16279219559576089,1.003381838998931,0
0.7826435281942545,-0.5697014230212905,0
-0.44551712985471137,0.9114110244341563,0
0.8852041407420939,0.30015561808518865,0
-0.5144752799182475,-0.154453668628318,1
-0.7498920605257824,0.6919902118457902,0
0.12023223022792233,-1.0667369090929555,0
-0.03472247307464854,-0.5358335455413096,1
-0.48335844381151816,0.8525578256571256,0
-0.4095986807106885,0.26783587219770316,1
-0.2066234086830809,1.0054858648748617,0
-0.5891983094396213,0.8818477349902669,0
1.0255809505734215,0.10530651119200742,0
-0.5243695172169653,0.019577522910206778,1
0.9026320311539828,-0.2906027383536033,0
0.5561015018767905,0.8596438244272712,0
0.21541643656223664,-0.4438886644809882,1
-0.3625823112669257,-0.3458888925020723,1
-0.8654078629450297,0.13521857490113254,0
-0.2812105389003546,0.9950678177739034,0
-0.5582476402765422,-0.2486137614723337,1
-0.998440697548892,0.15009431721260236,0
-0.9043886023726765,0.3708239736069674,0
0.1935140291886675,-0.44409277487383547,1
0.35558643974036375,0.01466346570667515,1
-0.07368622562873534,0.9564695144514888,0
0.5230629862413951,-0.12679154783822802,1
-0.5257581236700711,-0.12766126756938936,1
-0.7189804436768359,0.7258357796112893,0
0.8420013032982084,0.4721807837333323,0
-0.4075923615812614,0.27850784278444135,1
0.22712959564006074,0.9458716992304961,0
0.22497594373479624,0.4104841280069117,1
0.6857275796922251,0.6926777240324027,0
0.39310090193944874,-0.8153423824483677,0
0.6937425034242692,-0.6764598918008533,0
-0.5044921786143765,0.005542873638734895,1
0.47428934161366426,-0.07739718404375984,1
1.015255010169693,0.28120908011397355,0
0.9591733481072194,-0.3647965156740523,0
0.43965108952236154,0.22663628083092888,1
0.4429603631007387,0.18912989132240113,1
0.0870806095839031,0.4582447955186072,1
-0.375778973995268,0.2675964093747817,1
0.2492471798766497,-0.40233044229321957,1
-0.5463911165047235,-0.7908134933204611,0
0.7419139871253649,0.5959005574246912,0
0.5564776906624295,0.0007803313378466625,1
0.37479267671488764,0.07760770225096994,1
0.22417237848569238,-0.5359826381806077,1
-0.44829410878861903,-0.17953485464925303,1
-0.9274480118022879,-0.2310641772512955,0
-0.41296275803947646,-0.3933067268644203,1
-0.44257047297238655,0.2869443172001824,1
-0.25776447762622035,0.4378496470634192,1
-0.24339258354611998,-0.3887883654216186,1
0.45523876465482943,0.12055514009845292,1
0.726723925172229,-0.6147253432459904,0
0.9789592076564778,0.3103771912336297,0
-0.46386266930752207,0.21739178766520056,1
0.9891161943537956,-0.2347481257164776,0
0.28816824121589585,0.4420662566104046,1
0.6169659952862365,-0.8123370490085461,0
-0.06634844588644101,-0.9370602748800995,0
0.48105271875572897,0.8421207428103413,0
0.7344362011932466,0.6582606719756459,0
-0.12040420862804024,0.5373226015032523,1
-0.9316711165469052,-0.20739399120142,0
-0.9674565030842941,-0.45090241591060354,0
-0.173322336472252,-1.028568293217407,0
-0.22875713443216422,-0.9041502844719576,0
0.8218265831833247,-0.5232450329499436,0
-0.8659529231498181,-0.2546793444235673,0
1.025941807290934,0.17989704778043752,0
-0.6992725824872021,0.7722118507589958,0
-0.0600101545119933,-1.0066521170712246,0
0.007924590036183475,-0.5626443338041497,1
-0.02421987097041249,0.39866317499118065,1
-0.9140184072495016,0.3402045107843254,0
0.28473924996811234,0.37657140118207755,1
0.4754117700206499,-0.19229042989276865,1
-0.23934912058744995,0.5150169398406521,1
0.437370271284498,0.2812083214801907,1
0.2990979020586718,0.3880810602938424,1
0.010505714460684587,0.4904733658935381,1
-0.5534750390409751,0.8382894365452593,0
-0.2928169284509855,0.46329836026763854,1
-0.267320741021044,0.4132818816889308,1
0.23615824954908862,0.4338586775360422,1
0.028069423560531284,-0.47094656895207465,1
0.22579470346266442,-1.049123680110146,0
-0.4348576899173069,0.9243171297724334,0
-0.8846636850109516,0.07890174859858927,0
-0.15138701183251424,0.5007271252109363,1
0.15323536821540118,-0.464879907812157,1
-0.2461547069619874,0.4705086738431077,1
-0.031118909749540336,-0.9760955001686272,0
0.4358598141404369,-0.8948225984417872,0
0.6393277088422742,0.7552313297462676,0
0.214624712810854,0.9675111466836368,0
0.17944291391901374,0.4014698699326851,1
0.4771374777610461,-0.16302676928533733,1
0.1616492371248178,-1.0377984200541686,0
0.27474065952703247,1.0381221710828612,0
0.06529746241059267,0.935146016635234,0
0.4809137237201848,-0.9049406084193702,0
0.43466898481712707,0.049802465804284865,1
0.8869795035639458,-0.4975035086380241,0
0.32943312100310174,-0.8372461826871833,0
0.4869610514601871,0.8776958951319117,0
0.3770394244231952,-0.41390651163744185,1
0.44617159216148583,0.8576171448153255,0
-0.3599913559922186,-0.8970920878014481,0
0.5006483235101301,-0.10950966393356976,1
0.36626295322895436,-0.32443328771660024,1
0.4145523927802727,-0.3251485552947101,1
0.09310546623572477,0.5256840853624365,1
0.1953346934723644,0.5257363547700667,1
0.1433066321559061,0.4598188883608065,1
0.427170385663662,0.9591789293366543,0
0.8517832825509787,0.17783712266611118,0
0.23925171685788696,-1.0096837615498577,0
0.41545755609577156,0.1946910730752298,1
0.8815296351979862,0.4461664326718974,0
0.8734158090034585,0.5324611049454144,0
-0.4533040575507872,-0.8913625485033984,0
-0.5211038109746509,0.8770065658276593,0
1.0566599391501696,-0.052901376728524914,0
0.06621508854122882,-0.596828637925731,1
0.1096540519311642,0.4867991460436481,1
-0.5691206750347007,-0.09638692910230223,1
0.28262815116265055,0.9896284658909449,0
0.5031067409921542,-0.7930520667627571,0
-0.5662114157326942,0.776541171715171,0
0.744000999531821,-0.6269673974415155,0
0.48312178891221924,-0.8006587656074884,0
-0.08696591037137835,-0.5015955719723901,1
0.05420991702340564,-0.5169895071639092,1
-0.46227612802221785,0.377211375985435,1
-0.5629214483489821,0.8328958579541362,0
0.266428811273365,-1.0234762790460923,0
0.2383233564483907,-0.4783745168602973,1
-0.41108918279939277,-0.2511445163206674,1
0.38933457645776315,-0.2854996290187028,1
-0.31991528133943636,0.3577009039146619,1
0.05834764331835822,-1.0410925264676418,0
0.4103056984980352,-0.18418207524473712,1
-0.526264423712506,-0.00698399685455573,1
-0.9910513947586969,-0.1444025161253405,0
0.3559266002146374,0.1784578935739574,1
-0.4693998052114001,-0.871940127148093,0
1.0174075791862418,0.1922188093336805,0
-0.6033824476309793,-0.8317675986171329,0
-0.4532451689975153,-0.09613986436164343,1
-0.9942538335186751,0.3729956990439222,0
-0.694349226823383,0.8992018514999551,0
0.4926337308120539,-0.08860824914478319,1
0.9216066803599167,0.25718869330524796,0
-0.25783685286784197,-0.9987234822981063,0
-0.21471558319865436,0.4126130754234988,1
-0.03663646803342892,-0.35912304975861153,1
-0.4405563535724004,-0.897211276787188,0
0.66603006442772,-0.6718672703817719,0
0.3966511031835289,0.25750164554584126,1
-0.3151286260991657,-0.43486090596802923,1
-0.8530149101485069,0.6573760809531878,0
0.05709786126919162,0.4472947228179559,1
0.35583566165974345,0.9239203527602146,0
0.44283189384002924,0.3358565905356784,1
0.6242237238535541,0.7513072902409678,0
-0.0125791518598351,0.5297685967922688,1
-0.945557656268231,-0.43989738361463243,0
-0.1317928570880957,-0.5009568507829326,1
0.6030264064930162,-0.7327634297903588,0
-0.36266659338474694,0.9643046327003719,0
0.6036588490290276,0.8074210696427795,0
-0.4873437518378154,0.08755202111628568,1
0.7826296551166858,-0.5836271222190618,0
-0.7602080142792591,0.7023801009807726,0
-0.9134622010465435,-0.23557030162906192,0
-0.9190906897116697,0.14661594248355916,0
0.8951475217881247,-0.15260457499709912,0
0.11849025560253917,1.0633721147049338,0
0.4365329771034011,-0.30145569672585515,1
0.5325953830774786,0.06552172165004658,1
-0.35484835671219744,-0.3986224363184282,1
0.25631646367803085,0.48787102883392525,1
0.029124327074615586,0.9785332598514787,0
0.09957904297256041,1.0177825849257385,0
0.9156651661674269,-0.35860539801963637,0
-0.36222657854917933,0.3663381150343236,1
0.7442749470696335,0.5984262827002744,0
-0.11190299031251988,-0.48414226812430206,1
0.23376765623831444,-0.43485880519286435,1
-0.04926204099814484,-0.9968683723334913,0
-0.9612740705445616,-0.22652210209082457,0
0.8949647141886137,0.6180114482951441,0
-0.3803941739262115,-0.9598609020998569,0
-0.7688770181987541,0.6240782541479734,0
0.5896066516684518,0.0049147439628107,1
-0.286632262126663,-0.4052697603567292,1
-0.4787334403222931,0.10272117546530903,1
-0.8962921362679085,-0.1450979064071431,0
0.739068304542404,-0.7543495770684615,0
-0.30216257705341204,0.4698069930538332,1
-0.7830207575448327,-0.7396938562166758,0
-0.4392937006029067,-0.8604715437393559,0
0.48234384407059844,-0.249181835322179,1
-0.32530582039698913,0.9343291117915222,0
-0.020569648709793956,0.8984373508168371,0
-0.41152307075219263,-0.15570488549101186,1
0.7330945471767105,0.6499778989217888,0
-0.2781030955871859,-0.9007710541776923,0
0.30586267066182493,-0.3902179697159862,1
-0.19338537757294402,0.9377648073114296,0
0.9895101931046524,-0.4241935845884171,0
0.2769382443512012,-0.9286513108644847,0
-0.02545976202427316,0.5388765620407472,1
-0.5686306810894917,-0.7198859427230977,0
0.874825967230743,0.24279134550469259,0
-0.3173224281442674,-0.403503846401615,1
-0.401972810660488,-0.20750379796889207,1
-0.4335750673090043,-0.29129430043011784,1
0.4050085565136997,-0.8877127579298066,0
0.3986050927873752,0.23169841386358536,1
-0.05384866794195955,0.3851638038374833,1
0.8951778701399319,0.5146097409595534,0
-0.5751384115792189,0.8058446911777403,0
-1.0074034344310152,0.015662249957159854,0
-0.28953085343385926,-0.39421372618468414,1
-0.27357271245791176,0.4694910512882065,1
-0.48956972660977865,-0.009273188201214373,1
-0.06157041728347943,-0.5149718334168463,1
-0.3234428494039033,0.9150051065940134,0
-0.8768656999603216,-0.48067178362186086,0
0.09697444008175149,0.4838541317911127,1
0.2292679781836663,0.3664078833302799,1
-0.5783856548520452,0.08288729999105197,1
1.0297736533736392,0.16880954885101437,0
-0.0037144473196625907,1.0446409749676748,0
-0.5727361519652449,-0.7755658904380371,0
-0.9613114946501968,-0.09525708512533304,0
-0.19153071013576722,0.4367607533433963,1
0.41301322709391736,-0.2167547137519849,1
-0.711592108613508,0.7427225443264379,0
0.13859100992924864,1.0242112280625553,0
0.0890923510992177,0.6311823735448522,1
0.027747878348233432,0.45141917311547813,1
-0.5637211871242856,0.7529125890331156,0
-0.7572768279907908,-0.586404506869377,0
-0.39154553519960356,-0.11208091378992642,1
-0.3829781967808315,0.31726899557436894,1
-0.5222162118048324,0.2055532844405606,1
-0.39054845225579715,0.365992392337462,1
0.46986142290752836,-0.25055844988993276,1
0.5098457747696917,0.11317051334133889,1
0.5638814748624115,-0.06929780752472647,1
0.9588721217059533,0.5411789140829323,0
0.20191128789652665,-0.4642708178783526,1
-0.41335310238879114,0.8098443015467418,0
-0.1595305221389154,-0.5808250086951212,1
-0.5237926795049804,0.7755250254186126,0
0.9351384212298259,0.16623947077277945,0
0.4849839609576633,0.06923855808927089,1
0.8777565767820811,0.5383924444513787,0
0.49117177803942447,-0.04166257769544687,1
0.3833518488488674,-0.3512980424109258,1
0.45218604276792945,0.0839740800218459,1
0.3674552816337434,-0.27020140322918956,1
0.973760368060601,-0.3568008482107442,0
-0.9161690729092207,-0.3490991200816623,0
-0.48007151629307265,0.1630419947980231,1
-0.05631999093417387,-0.5927416967228702,1
-0.9094890529419909,0.2999430778959878,0
0.9856993830949153,0.397509797036183,0
0.46482640426658817,-0.30031578943907417,1
0.7098933530317271,-0.7422743204671312,0
0.37275520222850883,-0.27164559359100265,1
-0.1794049848405463,-1.1009190066510863,0
-1.009789033619643,0.24549744885552846,0
0.9699113490428598,0.42383634359646394,0
0.4780097307844735,-0.22130505748063958,1
0.048754217310166305,-0.9420662249306183,0
0.983885962096454,-0.4664782719926688,0
0.4679567886727084,-0.16350628785073404,1
-0.13543156905800724,-0.4436984418564853,1
-0.41584646980679696,0.2359579630308082,1
-0.2920426597459548,-0.4873314567749215,1
-0.6285370173295284,0.6227734027649106,0
-0.22839026444948557,-0.4460583513801829,1
-0.02612214490818659,-0.4308644933407186,1
0.5231936615056337,0.06112516705831485,1
0.5545494601593285,-0.22716322236400632,1
-0.315105932760684,-0.4768932897286541,1
0.25990869404243533,0.4904351410123293,1
0.48651934207024683,-0.17125223578314033,1
-0.5393486125232683,0.8591820827894429,0
0.10967033621372939,-0.3990582968443816,1
-0.2535372198787002,0.9819688722548836,0
-0.4501227947224156,-0.22485136684796986,1
0.4854040590703257,-0.10464856231300472,1
-0.5472335769447204,-0.05290309154424851,1
0.1775019849995114,0.9764971239466158,0
-1.0254979656551944,0.35770740203631707,0
-0.36329813457648485,0.3156372920858921,1
0.32846705361646344,0.9028573621727595,0
0.4649498375555435,-0.7739036677122046,0
0.6197440224388125,-0.8740992827272618,0
-0.5022985003958572,-0.057333235726045116,1
0.23562659359483593,0.41736035003091676,1
-0.46999466494587566,-0.16359935696247685,1
-0.3333450821456363,0.397207382636278,1
-0.014862265560976168,0.9794095360549494,0
0.781616728590769,0.6293087343433881,0
-0.30896478278904915,0.9922944425315872,0
0.2676595972108512,-1.0130477091513888,0
0.4117045182075207,-0.42066005872461554,1
-0.8483616455884027,0.4554248868020115,0
-0.12281248581097233,0.47014320669684756,1
-0.2066446344042543,-0.3987298798259762,1
-0.5474959726975045,-0.11878327626476909,1
0.9318782752985445,0.05710975353376524,0
-0.37406990989968253,-0.3035952842767922,1
0.947476335834748,0.34587956430589595,0
0.8149394483052629,-0.6226771756862965,0
-0.17073615947800985,0.5902573315037242,1
-0.9846963845405887,0.007283065887477562,0
-0.6882538685285666,-0.5614917009315965,0
-0.521764202287358,-0.038669445238612085,1
0.3123384671693077,0.36084586157257753,1
-0.06366101660928995,0.5118883445061235,1
-0.473969121490322,0.20059121548785486,1
0.0817668368153627,-0.47592145674365105,1
-1.0219260154724248,-0.10656711758608405,0
0.08745976748335577,0.4325140449217072,1
-0.8312694902790706,-0.5373494716099378,0
0.48346760153601104,-0.8299963906601595,0
-0.38141981297698213,0.9089193867944065,0
-0.4120788578169954,-0.26605337920879746,1
-0.08166709482635197,0.3701563629937562,1
0.22330885810328233,-0.5057680938424695,1
0.4642063101868877,0.27704773486706197,1
0.08963007177886342,-0.420634730531062,1
1.0469420456983332,-0.16044833810501805,0
-0.27971465178700994,1.0122059995952504,0
-0.1441792860756319,0.9749957725532261,0
-0.36703506091704363,0.17199155582132858,1
0.37112599896021237,-0.3261634673933595,1
-0.5157287380409642,0.03154124137723693,1
-0.14991833106927444,0.428475138480345,1
-0.3775370401567563,-0.9771885109828194,0
0.8670607572299932,-0.4055523608587481,0
-0.5620331186286639,-0.7732340821370529,0
-0.672584315257901,0.6906170167755749,0
0.059985238238751154,1.0588068806135653,0
-0.10725080695269709,-0.4585310404617505,1
0.06765082963249344,0.4992249157328207,1
-0.26528282742181636,0.973325479882547,0
0.3499483766351517,-0.3334395209674852,1
-0.7958408166339705,0.5904376294989847,0
0.10519434993091219,0.48318909723636755,1
-0.9328194030961041,-0.32598150659541403,0
-0.8806901039766938,-0.5254117243637496,0
0.3817680555131055,-0.9509023099539025,0
0.02872965893866504,1.0034151076067488,0
-0.674080086084728,0.7104625307765211,0
-0.8734340894874136,0.529097382119256,0
0.7551816365478249,-0.7341452325347697,0
-1.0064831866978314,0.08528113243641453,0
0.4678341155611667,-0.8446386143016806,0
0.25125322575493503,-0.3837515243451466,1
-0.4871988205344189,-0.09253372113795401,1
0.10724361286895658,-0.40238297109568866,1
-0.2836104842994285,-0.42140148375880837,1
0.07551100869274516,-0.4441403961784231,1
0.05913012328894063,0.9342187323788758,0
-0.10755848862400352,0.5037804970609095,1
0.27755187864534714,-0.9038814054950766,0
-0.41288435423464487,-0.1792153366968902,1
-0.47246249302050575,-0.05585950468393848,1
-0.5489248994477874,0.09695406705998996,1
0.19284978687423296,-0.3995724077785137,1
-1.0167442650597798,0.37837490224215203,0
-0.08309305590370614,0.4425529194434348,1
0.2095673354397795,-0.4373843909533263,1
-0.4520872756695763,-0.06420850915102148,1
-0.4241437525244583,-0.267248592232705,1
0.24893854498465603,-0.4643741928895948,1
0.04271725980252207,0.4755506722402958,1
0.04508805682526225,-0.5331465409508938,1
-0.5040370787484886,-0.015418033512715569,1
0.1264772471259506,-0.9526587595927188,0
0.46608954848788686,-0.07323687126725693,1
0.5752445854651466,-0.009976620684946556,1
-0.9511559395057931,-0.2528273092271067,0
-0.3139526338450856,-0.377802724040211,1
0.6847437665035494,-0.6224085809445085,0
1.0089021037844714,-0.06447846996339851,0
0.14073167398270375,0.9936747926961799,0
-0.3483603078033726,0.331417614742599,1
-1.1161528513253876,0.2251152967615052,0
-0.10973750584445521,-0.5090520784127607,1
0.04190716762120851,0.41643855463931523,1
-0.21144108226970804,0.40275942097385137,1
-0.04496320343443287,-0.9755579868418707,0
0.4672863403037145,-0.013059193905491678,1
-0.21510420589313237,-0.43936431571130813,1
-0.9287210569993505,0.2921197712024003,0
-0.4895138330158917,-0.2337878209744686,1
-0.23522289776408367,0.44128660763807287,1
-0.6122530706508288,-0.8143763726021657,0
-0.06510964353878712,0.4411905173444478,1
0.43539394047216745,-0.912238196345608,0
0.09858548940758483,-0.5498876826797381,1
-0.5222842831664076,0.2523145910768445,1
-0.2882730644337277,-1.0339589033225376,0
-1.005852810891211,-0.23230213986421017,0
-0.4596304645281069,-0.0828310055913741,1
-0.01643366728830735,0.5005930559713645,1
-0.017022512266281146,0.4959827644520915,1
-0.8193364491742082,-0.38055782275877753,0
0.06524665984553554,-1.0360941846473306,0
0.11889422518295496,-0.916232805768562,0
-0.9589830612292265,0.33055534801697084,0
0.4643406220547801,-0.3155492842536756,1
-0.4549046695723622,-0.34737582975833503,1
0.9881673161217743,-0.4122152114191153,0
-0.3111319283106498,-0.9048855382868973,0
0.3853385512583706,-0.01541917185568193,1
-0.1073029685242212,0.4833009672528409,1
0.4561862588655348,-0.12116872277655083,1
0.3925039511042718,-0.3985221726612549,1
0.14931009333485218,-0.46694671678975314,1
0.06451794441702355,0.5011607689658674,1
-0.1346313231238259,-0.5167924139978383,1
-0.4262507583416894,-0.33882022586943517,1
-0.10740421354189061,0.4345825759442263,1
-0.15854247818311415,-0.39651473344696453,1
0.397506623396384,0.30504870433886533,1
0.3638569838440947,-0.1783144264951772,1
0.22513359203343258,0.4541944005380012,1
-0.3902380697212832,-0.27975182763770134,1
0.4686047339126815,0.7845211163418124,0
-0.9784477669406689,0.13135803147100522,0
-0.451449205131308,0.2961740751308474,1
-0.41248248524283665,0.9393346020824741,0
0.4776224261794809,0.06720482309043828,1
0.8783301639928949,0.43701058083452365,0
0.4802297571239197,0.20999500658114528,1
-0.42644430125149535,0.749604272060167,0
-0.2063909481095205,0.4630127910536673,1
0.08365319911521937,-0.5527507418550859,1
-0.08974229308710108,-0.4687087338275925,1
-0.16992338928818101,-0.45277473566401133,1
0.3600324349333225,-0.4043961282901505,1
-0.524466055286709,0.11385628403149946,1
0.37626177342699774,0.9318454385175439,0
0.37876039829867625,0.3267105363321419,1
-0.9907806484589509,0.15393787248455015,0
-0.5017199994157676,-0.011985338994697455,1
0.25087807304598253,0.44232610864940664,1
-0.2948607055635772,0.40103770835554675,1
0.8879144775309652,-0.5419103042025499,0
0.39282663822966607,0.3870425631426882,1
0.11224300162026574,-0.5037168482381276,1
-0.8195632201526312,0.46170486963051527,0
0.1772235410296444,-1.03147769311931,0
-0.40201864997992426,-0.22688213999464324,1
0.2652606341574073,-1.0056741554230642,0
-0.4909149808688549,-0.12418398479089403,1
-0.2062183074961803,-0.45454558368097,1
-0.9531407837468511,0.3245889490654581,0
0.9315312330878582,-0.02991870516102793,0
-0.4748878405644784,-0.10461510856588242,1
-0.10097755023561923,0.5180206444080939,1
0.37344362345120613,-0.41884447732476743,1
0.10164245645936265,0.41436219673364016,1
-0.4253903850557894,0.01287123264947071,1
0.383259964069049,0.2433116976804799,1
-0.5518418079836874,0.15613727605790187,1
-0.32231074030705165,0.3634998891630137,1
0.2558071629214329,1.04215984763545,0
-0.3617696109584293,-0.18213457846285241,1
-0.5195163565030027,0.19040374264383686,1
0.3429288432170109,0.38246644416904957,1
0.45033164057476277,-0.9453477072151467,0
0.4817975236704198,-0.1610064468752504,1
0.8510473018829445,0.4906001209040676,0
0.8926957875810946,0.34006268489995106,0
-0.485476048194219,-0.15601192784575374,1
-0.21800080517302836,-0.4142205612578952,1
-0.7457355175956659,0.5693454554585814,0
-0.13678474697428739,1.0414976932031088,0
0.994842900329861,0.3698490879281391,0
-0.01621368057231061,-0.47788061093905565,1
-0.9631096309262669,0.301316334232338,0
0.9618178212197638,-0.2211208052421335,0
-0.4465019957740294,-0.26439438692151773,1
0.001114512475118179,-1.0504492482065042,0
-0.9396331823588319,-0.49703143416924256,0
0.5753082122690878,-0.8164988852433336,0
-0.30137288581075905,0.46485079895154446,1
0.14659512275608808,-1.0397692216716048,0
0.24463305081916087,0.48660274777659107,1
0.9766710192041341,-0.08190314012824358,0
-0.08965057144298659,0.9006808166604772,0
0.6816143804421074,0.7140787961747441,0
1.0244371828781844,-0.3372568681095895,0
-0.11246073510799773,0.45254465078563666,1
-0.00926617140620466,1.0045549386845438,0
0.3980090453524436,-0.10887404811386216,1
0.5328112500566582,0.16451319602348558,1
-0.22252521176172588,-0.49472955623311426,1
0.32860903784252893,-0.2219372500406713,1
0.7477504087998474,0.770085648342061,0
-0.3149641964349502,-0.35503553382689423,1
1.0389375432307804,0.22123115016807124,0
-0.40091077355787913,0.9589071076652503,0
0.8495087227733988,0.5087548856825613,0
0.9299951847662467,-0.16147230528486117,0
0.10315467052696517,-0.9518589504957793,0
-0.6709693927700575,0.715934118261927,0
-0.6129066936551415,-0.08506237950776625,1
-0.8873968123255037,0.3876389186153043,0
-0.4707165869751746,-0.1741426513664613,1
0.7909759490782549,0.6306700561767243,0
0.057551664415935594,-0.5497165901455486,1
-0.4499194894857779,-0.8221542240896795,0
-0.40888093547666404,0.014561867582403206,1
-0.47443578078458276,0.20334075116777717,1
-0.4613673001459962,0.22980970821016233,1
-0.8941475099603683,-0.5498204492872979,0
-0.46402669170241756,0.2381816074212549,1
-0.98109234344686,0.027926852198498737,0
-0.5099018570605088,0.18712553023728196,1
0.9378701592915516,-0.37396863224366295,0
0.8478152679440677,-0.5678150213512029,0
0.44924488172271404,-0.08021181898587934,1
-0.279784517894164,-0.44023908085848834,1
-0.020431158314881695,-0.5367650235665414,1
-1.0058920428076443,-0.24407676977422382,0
-0.8515219781955096,0.6241716911702463,0
-0.34644856905179433,0.866533643688714,0
0.36364472942966336,0.31054595451014994,1
-0.4556379812420051,0.12274653919715572,1
0.3903064803598393,-0.8897671091666479,0
-0.4710394164939688,0.3096828828421196,1
1.0308815066121182,-0.3217806288653792,0
-0.32855892423502797,-0.41563300067615966,1
-0.5080446001928123,-0.21384333074050083,1
0.18227413959160227,0.9724568470654928,0
0.4179534516969833,0.33381627308479167,1
0.14288519382784853,-0.8994882810081686,0
0.944508171113017,-0.0704961182519685,0
0.30989921309254964,-0.3889070625443609,1
0.3998907821585354,-0.11853746578842092,1
0.40757682993703026,0.2825289142206612,1
0.540205705926676,0.8641247092833537,0
-0.8484971392657298,0.5451114244660495,0
0.919972333814756,0.37373918314736254,0
-0.40059912954698346,-0.09212065548366288,1
0.5569710783527083,0.10086464445280062,1
0.529181324222954,-0.747687279757237,0
0.8703081114196172,-0.623220527481458,0
-0.12360190263098586,-0.9797716380537438,0
0.4975914358995158,0.9463421635797086,0
-0.48034405301484756,-0.8146358286437729,0
0.1386649558943573,-0.4938058926381976,1
0.3304707430769619,0.2789767505427968,1
-0.37361302787548495,-0.9049022230229685,0
-0.492818318873633,-0.13944918104122683,1
-1.0368308640657173,0.10580998915960045,0
1.0025129605382996,0.17212020904805464,0
-0.764820360414641,-0.7509189249649731,0
0.23838164370310405,0.4509059544310509,1
0.15101596632634923,-0.9929895322653611,0
-0.8801098010713935,-0.22050085636024275,0
-0.45235079155735086,0.821521639000899,0
-0.19493049332293247,-0.424016439079253,1
0.4625452667108473,-0.093706712717992,1
-0.04517004578459696,0.46765065380579063,1
-0.24754403693092078,-0.3272710025933253,1
1.000248891503013,-0.177083408696433,0
0.41427060254777726,-0.11400620459070643,1
0.5702194989520901,0.05918913424916523,1
-0.2548704806274271,-0.3399003811064945,1
-1.0053856452762127,0.056873412799658934,0
0.3453579998644251,0.40707992708466684,1
-0.08588970479041315,-0.48575656782547916,1
0.39628508938145823,0.3378429036345816,1
-0.29147841459127044,0.3922138455645069,1
-0.613239868962353,0.6561231609337441,0
-0.4185804311581306,-0.24655302880847155,1
-0.4815518149992747,0.19717594938786565,1
0.9779727174149999,-0.29980459867774256,0
-0.34748053365280984,0.29254603880824326,1
0.46153801935030503,0.06287126716592495,1
0.7855996137638371,0.6651850799218704,0
0.9597013221300085,-0.33975022885591577,0
0.45194552383706355,0.29136107074793294,1
-0.15321140937611855,-0.5104337701570127,1
-0.4725095164214585,-0.03309789815437676,1
-0.9928982597559003,-0.016884588272009705,0
0.930663740296605,0.27734047933773986,0
-0.7530406647357208,-0.7673893843323727,0
0.8751640424955975,-0.5757151208221948,0
-0.5330194266925847,0.9314687175058595,0
-0.8946498078651859,-0.344283765741836,0
0.3887604301461191,-0.21763663619077012,1
-0.7947900282581198,0.6071641768849667,0
0.1607150547497286,-0.9916627919888623,0
-0.3320127844233828,-0.4257252888132438,1
0.38954616106555995,-0.8874198458213365,0
1.0144949954441975,-0.0705065304890082,0
-0.3826327783967635,-0.9119990895979417,0
-0.5052859436088469,-0.03870425326663654,1
-0.801092318197707,-0.6480608598064548,0
-0.26794832505486754,0.4764415530734359,1
-0.11464139799870172,1.0352175133532946,0
-0.22418468296951805,0.5313001830697063,1
-0.039173141453463914,-0.47812017249063155,1
0.281960795784174,0.9327036546726796,0
-0.03240270869771651,-1.075650468764158,0
0.3886986639122491,0.9181294138053268,0
0.8566190761162511,-0.5332695282881621,0
-0.572676103999834,-0.8792523652881999,0
-0.8937777158159596,0.4593675598567423,0
0.8055006092037341,-0.34373387815478984,0
0.11732935632686924,0.8822042184286726,0
0.12319148015845885,0.5479916554148777,1
0.9686054358380085,0.18383145607061102,0
-0.3537470926042201,0.281831072831369,1
0.6551353034816483,0.8894223651651125,0
0.24909083455490572,0.925787498328746,0
-0.9853697108746172,-0.2881621551769044,0
-0.0720161714204362,-0.5314470033018346,1
0.6609045348112065,-0.7931901461417916,0
0.27841491219401904,0.9673595286824785,0
